date,mddl_m,frl_level_m,frl_stg_mcm,frl_stg_mu,reservoir,level_m,storage_mcm,storage_pct,gen_capability_gross_mu,gen_capability_station_mu,rf_mm,spill,inflow_mcm_day,cum_inflow_month_mu,prev_day_storage_pct,remarks
2021-10-01,694.944,732.43,1460,2190,IDUKKI,727.552,1192.526,82,1788.789,1753.013,0.6,,9.342,9.342,82,2386.98
2021-10-01,963.168,986.332,31.001,59.46,PAMBA,977.3,15.55,79,722.856,608.85,15,,7.132,7.132,79,
2021-10-01,908.304,981.456,446.542,856.467,KAKKI,976.259,361.33,0,0,,19,,,,,
2021-10-01,779.374,811.68,149.23,152.065,SHOLAYAR,811.042,143.571,96,146.299,95.762,11,,1.06,1.06,97,2660.9
2021-10-01,115,169,1017.8,254.45,IDAMALAYAR,162.82,839.67,82,209.918,209.918,31,,1.298,1.298,82,
2021-10-02,694.944,732.43,1460,2190,IDUKKI,727.57,1193.519,82,1790.279,1754.473,8,,11.453,20.795,82,2387.04
2021-10-02,963.168,986.332,31.001,59.46,PAMBA,977.5,15.85,79,727.94,613.132,38,,10.816,17.948,79,
2021-10-02,908.304,981.456,446.542,856.467,KAKKI,976.417,363.681,0,0,,29,,,,,
2021-10-02,779.374,811.68,149.23,152.065,SHOLAYAR,810.981,143.062,96,145.78,95.422,9,,1.186,2.246,96,2660.7
2021-10-02,115,169,1017.8,254.45,IDAMALAYAR,162.81,839.385,82,209.846,209.846,21.2,,1.391,2.689,82,
2021-10-03,694.944,732.43,1460,2190,IDUKKI,727.661,1198.484,82,1797.726,1761.771,20.2,,15.609,36.403,82,2387.34
2021-10-03,963.168,986.332,31.001,59.46,PAMBA,978.05,16.67,80,734.034,618.265,63,,11.792,29.74,79,
2021-10-03,908.304,981.456,446.542,856.467,KAKKI,976.579,366.038,0,0,,17,,,,,
2021-10-03,779.374,811.68,149.23,152.065,SHOLAYAR,810.981,143.062,96,145.78,95.422,33,,1.418,3.664,96,2660.7
2021-10-03,115,169,1017.8,254.45,IDAMALAYAR,162.88,841.38,83,210.345,210.345,45,,1.488,4.177,82,
2021-10-04,694.944,732.43,1460,2190,IDUKKI,727.655,1198.153,82,1797.23,1761.285,18.4,,13.519,49.922,82,2387.32
2021-10-04,963.168,986.332,31.001,59.46,PAMBA,978.2,16.9,80,736.57,620.4,21,,8.953,38.693,80,
2021-10-04,908.304,981.456,446.542,856.467,KAKKI,976.652,367.13,0,0,,8,,,,,
2021-10-04,779.374,811.68,149.23,152.065,SHOLAYAR,810.92,142.552,96,145.26,95.082,14,,1.239,4.903,96,2660.5
2021-10-04,115,169,1017.8,254.45,IDAMALAYAR,162.96,843.66,83,210.915,210.915,30.6,,1.781,5.957,83,
2021-10-05,694.944,732.43,1460,2190,IDUKKI,727.686,1199.808,82,1799.712,1763.718,1,,16.947,66.869,82,2387.42
2021-10-05,963.168,986.332,31.001,59.46,PAMBA,978.1,16.82,81,738.84,622.313,2,,8.682,47.375,80,
2021-10-05,908.304,981.456,446.542,856.467,KAKKI,976.737,368.394,0,0,,,,,,,
2021-10-05,779.374,811.68,149.23,152.065,SHOLAYAR,810.859,142.014,95,144.712,94.723,5,,1.442,6.345,96,2660.3
2021-10-05,115,169,1017.8,254.45,IDAMALAYAR,163.01,845.05,83,211.263,211.263,21,,1.476,7.433,83,
2021-10-06,694.944,732.43,1460,2190,IDUKKI,727.722,1201.794,82,1802.691,1766.637,4,,15.029,81.898,82,
2021-10-06,963.168,986.332,31.001,59.46,PAMBA,978,16.6,81,739.462,622.837,3,,7.036,54.411,81,
2021-10-06,908.304,981.456,446.542,856.467,KAKKI,976.78,368.938,0,0,,10,,,,,
2021-10-06,779.374,811.68,149.23,152.065,SHOLAYAR,810.768,141.136,95,143.817,94.138,,,0.899,7.245,95,
2021-10-06,115,169,1017.8,254.45,IDAMALAYAR,162.95,843.375,83,210.844,210.844,11.4,,1.021,8.454,83,
2021-10-06,1735.836,1758.696,7.787,22.738,KUNDALA,1757.9,7.18,92,167.404,72.408,1,,0.773,9.768,93,
2021-10-06,1554.48,1599.59,55.217,161.234,MADUPPATTY,1597.9,50.15,91,0,,1,,,,91,
2021-10-06,737.616,758.037,33.99,42.827,KUTTIADI,746.151,9.114,27,219.069,212.114,4,,2.481,12.32,26,
2021-10-06,750.5,775.6,201,253.26,THARIODE,772.6,164.75,82,0,,11.4,,,,82,
2021-10-06,1188,1207.008,48.968,65.616,ANAYIRANKAL,1203.94,35.19,72,94.416,33.236,5,,2.603,19.234,72,
2021-10-06,678.8,707.745,47.4,63.516,PONMUDI,703.35,35.27,74,0,,3,,,,73,
2021-10-06,445,456.59,5.557,4.835,NERIAMANGALAM,452.3,2.9,52,2.523,1.188,,,2.35,12.11,50,
2021-10-06,405.689,423.976,30.356,10.625,PORINGAL,419.8,19.25,63,6.738,6.738,,4.607,1.897,15.242,66,
2021-10-06,844.86,847.6,1.614,0.71,SENGULAM (SBR),846.8,,0,0,,,,,,,
2021-10-06,237.74,253,4.55,2.093,LOWER PERIYAR,248.5,2.69,59,1.237,1.237,9,,0.89,6.597,68,
2021-10-06,181.36,192.63,1.16,0.358,KAKKAD,188.95,,0,0,,,,,,,
2021-10-07,694.944,732.43,1460,2190,IDUKKI,727.716,1201.463,82,1802.195,1766.151,2.2,,12.793,94.691,82,
2021-10-07,963.168,986.332,31.001,59.46,PAMBA,977.9,16.45,81,740.565,623.766,18,,7.517,61.927,81,
2021-10-07,908.304,981.456,446.542,856.467,KAKKI,976.823,369.663,0,0,,23,,,,,
2021-10-07,779.374,811.68,149.23,152.065,SHOLAYAR,810.677,140.215,94,142.879,93.524,11,,0.915,8.16,95,
2021-10-07,115,169,1017.8,254.45,IDAMALAYAR,162.9,841.95,83,210.488,210.488,16.2,,1.072,9.526,83,
2021-10-08,694.944,732.43,1460,2190,IDUKKI,727.808,1206.429,83,1809.644,1773.451,58.6,,20.49,115.181,82,2387.82
2021-10-08,963.168,986.332,31.001,59.46,PAMBA,978.05,17.35,82,748.2,630.197,84,,14.079,76.007,81,
2021-10-08,908.304,981.456,446.542,856.467,KAKKI,977.039,372.744,0,0,,107,,,,,
2021-10-08,779.374,811.68,149.23,152.065,SHOLAYAR,810.768,141.136,95,143.817,94.138,63,,2.666,10.825,94,2660
2021-10-08,115,169,1017.8,254.45,IDAMALAYAR,162.98,844.23,83,211.058,211.058,67.6,,2.234,11.76,83,
2021-10-09,694.944,732.43,1460,2190,IDUKKI,727.984,1216.028,83,1824.042,1787.561,4.8,,25.933,141.114,83,2388.4
2021-10-09,963.168,986.332,31.001,59.46,PAMBA,978.7,17.65,83,756.891,637.517,31,,14.763,90.77,82,
2021-10-09,908.304,981.456,446.542,856.467,KAKKI,977.325,376.975,0,0,,23,,,,,
2021-10-09,779.374,811.68,149.23,152.065,SHOLAYAR,810.799,141.447,95,144.135,94.345,4,,2.003,12.828,95,2260.1
2021-10-09,115,169,1017.8,254.45,IDAMALAYAR,162.98,844.23,83,211.058,211.058,3.4,,1.545,13.305,83,
2021-10-10,694.944,732.43,1460,2190,IDUKKI,728.112,1222.98,84,1834.47,1797.781,21.4,,18.271,159.385,83,2388.82
2021-10-10,963.168,986.332,31.001,59.46,PAMBA,978.85,17.87,83,761.27,641.205,4,,9.831,100.601,83,
2021-10-10,908.304,981.456,446.542,856.467,KAKKI,977.466,379.038,0,0,,3,,,,,
2021-10-10,779.374,811.68,149.23,152.065,SHOLAYAR,810.92,142.552,96,145.26,95.082,9,,2.134,14.962,95,2660.5
2021-10-10,115,169,1017.8,254.45,IDAMALAYAR,163.03,845.655,83,211.414,211.414,11.8,,1.431,14.736,83,
2021-10-11,694.944,732.43,1460,2190,IDUKKI,728.326,1234.558,85,1851.837,1814.8,51.8,,27.848,187.233,84,2389.52
2021-10-11,963.168,986.332,31.001,59.46,PAMBA,979.4,18.7,84,770.773,649.21,86,,15.933,116.534,83,
2021-10-11,908.304,981.456,446.542,856.467,KAKKI,977.734,383.163,0,0,,58,,,,,
2021-10-11,779.374,811.68,149.23,152.065,SHOLAYAR,811.286,145.794,98,148.564,97.245,170,,4.758,19.72,96,2661.7
2021-10-11,115,169,1017.8,254.45,IDAMALAYAR,163.4,856.25,84,214.063,214.063,177.7,,3.853,18.59,83,
2021-10-12,694.944,732.43,1460,2190,IDUKKI,728.472,1242.496,85,1863.744,1826.469,9.4,,21.641,208.873,85,2390
2021-10-12,963.168,986.332,31.001,59.46,PAMBA,979.8,19.3,85,777.066,654.51,11,,12.713,129.247,84,
2021-10-12,908.304,981.456,446.542,856.467,KAKKI,977.914,385.844,0,0,,25,,,,,
2021-10-12,779.374,811.68,149.23,152.065,SHOLAYAR,811.317,145.879,98,148.651,97.301,17,,2.071,21.792,98,2661.8
2021-10-12,115,169,1017.8,254.45,IDAMALAYAR,164.05,874.95,86,218.738,218.738,15.6,,6.191,24.781,84,
2021-10-12,1735.836,1758.696,7.787,22.738,KUNDALA,1757.8,7.11,91,167.199,72.319,2.4,,0.976,15.423,91,2
2021-10-12,1554.48,1599.59,55.217,161.234,MADUPPATTY,1597.9,50.15,91,0,,7.6,,,,91,
2021-10-12,737.616,758.037,33.99,42.827,KUTTIADI,749.321,14.429,42,227.908,220.673,113,,5.688,35.248,40,50
2021-10-12,750.5,775.6,201,253.26,THARIODE,772.75,166.45,83,0,,17.8,,,,82,
2021-10-12,1188,1207.008,48.968,65.616,ANAYIRANKAL,1204.33,36.815,75,99.501,35.026,,,3.752,36.699,74,
2021-10-12,678.8,707.745,47.4,63.516,PONMUDI,704.25,37.44,79,0,,20,,,,77,
2021-10-12,445,456.59,5.557,4.835,NERIAMANGALAM,455.8,4.99,90,4.341,2.045,12,3.378,4.785,28.985,97,
2021-10-12,405.689,423.976,30.356,10.625,PORINGAL,420.1,20,66,7,7,,45.289,14.001,43.245,89,
2021-10-12,844.86,847.6,1.614,0.71,SENGULAM (SBR),846.45,,0,0,,,,,,,
2021-10-12,237.74,253,4.55,2.093,LOWER PERIYAR,253,4.55,100,2.093,2.093,16,3.375,2.025,15.692,100,
2021-10-12,181.36,192.63,1.16,0.358,KAKKAD,190.2,,0,0,,,0.216,,,,
2021-10-13,694.944,732.43,1460,2190,IDUKKI,728.582,1248.455,86,1872.683,1835.229,27.2,,19.917,228.79,85,2390.36
2021-10-13,963.168,986.332,31.001,59.46,PAMBA,979.85,19.37,85,781.66,658.379,23,,11.008,140.255,85,
2021-10-13,908.304,981.456,446.542,856.467,KAKKI,978.06,388.169,0,0,,28,,,,,
2021-10-13,779.374,811.68,149.23,152.065,SHOLAYAR,811.286,145.794,98,148.565,97.245,15,,1.841,23.632,98,2661.7
2021-10-13,115,169,1017.8,254.45,IDAMALAYAR,164.16,878.11,86,219.528,219.528,19.5,,2.331,27.111,86,
2021-10-13,1735.836,1758.696,7.787,22.738,KUNDALA,1757.8,7.11,91,166.834,72.162,7,,0.611,16.034,91,4
2021-10-13,1554.48,1599.59,55.217,161.234,MADUPPATTY,1597.85,50.025,91,0,,17.6,,,,91,
2021-10-13,737.616,758.037,33.99,42.827,KUTTIADI,748.498,12.963,38,227.698,220.47,5,,3.601,38.85,42,
2021-10-13,750.5,775.6,201,253.26,THARIODE,772.85,167.75,83,0,,3,,,,83,
2021-10-13,1188,1207.008,48.968,65.616,ANAYIRANKAL,1204.38,37.04,76,99.91,35.17,,,2.516,39.215,75,
2021-10-13,678.8,707.745,47.4,63.516,PONMUDI,704.3,37.52,79,0,,9,,,,79,
2021-10-13,445,456.59,5.557,4.835,NERIAMANGALAM,456.3,5.34,96,4.646,2.188,6,1.475,3.77,32.755,90,
2021-10-13,405.689,423.976,30.356,10.625,PORINGAL,418.3,15.7,52,5.495,5.495,,16.704,4.899,48.144,66,
2021-10-13,844.86,847.6,1.614,0.71,SENGULAM (SBR),846.7,,0,0,,,,,,,
2021-10-13,237.74,253,4.55,2.093,LOWER PERIYAR,251.1,3.74,82,1.72,1.72,8,0.162,1.045,16.737,100,
2021-10-13,181.36,192.63,1.16,0.358,KAKKAD,187.85,,0,0,,,0.155,,,,
2021-10-14,694.944,732.43,1460,2190,IDUKKI,728.728,1256.399,86,1884.599,1846.907,13.4,,20.282,249.073,86,
2021-10-14,963.168,986.332,31.001,59.46,PAMBA,980.35,20.12,86,789.044,664.599,47,,13.79,154.044,85,
2021-10-14,908.304,981.456,446.542,856.467,KAKKI,978.267,391.269,0,0,,54,,,,,
2021-10-14,779.374,811.68,149.23,152.065,SHOLAYAR,811.256,145.37,97,148.132,96.962,14,,1.471,25.103,98,
2021-10-14,115,169,1017.8,254.45,IDAMALAYAR,164.24,880.41,87,220.103,220.103,7.2,,2.193,29.305,86,
2021-10-15,694.944,732.43,1460,2190,IDUKKI,728.813,1261.034,86,1891.551,1853.72,1.2,,15.219,264.292,86,
2021-10-15,963.168,986.332,31.001,59.46,PAMBA,980.45,20.27,88,807.996,680.562,12,,25.232,179.276,86,
2021-10-15,908.304,981.456,446.542,856.467,KAKKI,978.405,401,0,0,,14,,,,,
2021-10-15,779.374,811.68,149.23,152.065,SHOLAYAR,811.225,145.115,97,147.872,96.792,,,1.633,26.737,97,
2021-10-15,115,169,1017.8,254.45,IDAMALAYAR,164.27,881.28,87,220.32,220.32,2,,1.763,31.068,87,
2021-10-15,1735.836,1758.696,7.787,22.738,KUNDALA,1757.8,7.11,91,165.374,71.53,,,0.244,16.524,91,
2021-10-15,1554.48,1599.59,55.217,161.234,MADUPPATTY,1597.65,49.525,90,0,,3.2,,,,90,
2021-10-15,737.616,758.037,33.99,42.827,KUTTIADI,749.26,14.311,42,228.893,221.627,,,3.884,45.411,37,
2021-10-15,750.5,775.6,201,253.26,THARIODE,772.8,167.35,83,0,,,,,,83,
2021-10-15,1188,1207.008,48.968,65.616,ANAYIRANKAL,1204.5,37.58,77,101.867,35.859,,,2.628,45.392,76,
2021-10-15,678.8,707.745,47.4,63.516,PONMUDI,704.65,38.44,81,0,,,,,,81,
2021-10-15,445,456.59,5.557,4.835,NERIAMANGALAM,456.1,5.2,94,4.524,2.131,,1.85,3.809,40.722,94,
2021-10-15,405.689,423.976,30.356,10.625,PORINGAL,418,15.1,50,5.285,5.285,,,1.189,54.025,43,
2021-10-15,844.86,847.6,1.614,0.71,SENGULAM (SBR),846.7,,0,0,,,,,,,
2021-10-15,237.74,253,4.55,2.093,LOWER PERIYAR,250.7,3.56,78,1.638,1.638,2,,0.744,19.328,98,
2021-10-15,181.36,192.63,1.16,0.358,KAKKAD,186.2,,0,0,,,0.024,,,,
2021-10-16,694.944,732.43,1460,2190,IDUKKI,730.106,1331.225,91,1996.838,1956.901,168,,112.709,377.001,86,2395.36
2021-10-16,963.168,986.332,31.001,59.46,PAMBA,982.35,23.52,90,822.118,692.457,156,,20.403,199.679,88,
2021-10-16,908.304,981.456,446.542,856.467,KAKKI,979.13,405.113,0,0,,115,,,,,
2021-10-16,779.374,811.68,149.23,152.065,SHOLAYAR,811.408,146.672,98,149.459,97.83,109,,3.058,29.794,97,2662.1
2021-10-16,115,169,1017.8,254.45,IDAMALAYAR,164.58,890.18,87,222.545,222.545,85.6,,3.554,34.622,87,
2021-10-16,1735.836,1758.696,7.787,22.738,KUNDALA,1757.9,7.18,92,165.944,71.776,44.4,,1.546,18.07,91,2
2021-10-16,1554.48,1599.59,55.217,161.234,MADUPPATTY,1597.7,49.65,90,0,,46,,,,90,1
2021-10-16,737.616,758.037,33.99,42.827,KUTTIADI,750.266,16.318,48,233.438,226.027,254,,6.765,52.177,42,
2021-10-16,750.5,775.6,201,253.26,THARIODE,772.95,168.95,84,0,,38.2,,,,83,
2021-10-16,1188,1207.008,48.968,65.616,ANAYIRANKAL,1204.69,38.435,78,105.866,37.267,,,6.115,51.506,77,
2021-10-16,678.8,707.745,47.4,63.516,PONMUDI,705.5,40.57,86,0,,78,,,,81,
2021-10-16,445,456.59,5.557,4.835,NERIAMANGALAM,456.15,5.235,94,4.554,2.145,110,2.888,4.739,45.461,94,
2021-10-16,405.689,423.976,30.356,10.625,PORINGAL,420,19.75,65,6.913,6.913,,13.133,6.863,60.888,50,
2021-10-16,844.86,847.6,1.614,0.71,SENGULAM (SBR),846.65,,0,0,,,,,,,
2021-10-16,237.74,253,4.55,2.093,LOWER PERIYAR,253,4.55,100,2.093,2.093,107,,1.11,20.438,78,
2021-10-16,181.36,192.63,1.16,0.358,KAKKAD,190.95,,0,0,,,1.45,,,,
2021-10-17,694.944,732.43,1460,2190,IDUKKI,730.575,1356.714,93,2035.071,1994.37,27.8,,51.066,428.067,91,2396.9
2021-10-17,963.168,986.332,31.001,59.46,PAMBA,984.3,27.03,93,850.691,716.523,108,,34.182,233.861,90,
2021-10-17,908.304,981.456,446.542,856.467,KAKKI,979.8,416.5,0,0,,134,,,,,
2021-10-17,779.374,811.68,149.23,152.065,SHOLAYAR,811.621,148.612,100,151.436,99.124,103,,3.967,33.761,98,2662.8
2021-10-17,115,169,1017.8,254.45,IDAMALAYAR,165.33,911.77,90,227.943,227.943,168.8,,6.872,41.493,87,
2021-10-17,1735.836,1758.696,7.787,22.738,KUNDALA,1757.8,7.11,91,165.739,71.688,10,,0.771,18.841,92,2
2021-10-17,1554.48,1599.59,55.217,161.234,MADUPPATTY,1597.8,49.65,90,0,,28,,,,90,1
2021-10-17,737.616,758.037,33.99,42.827,KUTTIADI,750.418,16.623,49,236.09,228.595,18,,5.709,57.886,48,
2021-10-17,750.5,775.6,201,253.26,THARIODE,773.1,170.75,85,0,,49.2,,,,84,
2021-10-17,1188,1207.008,48.968,65.616,ANAYIRANKAL,1204.8,38.93,80,109.21,38.444,32,,5.471,56.978,78,
2021-10-17,678.8,707.745,47.4,63.516,PONMUDI,706.3,42.57,90,0,,54,,,,86,
2021-10-17,445,456.59,5.557,4.835,NERIAMANGALAM,456.45,5.44,98,4.733,2.229,53,2.533,4.569,50.03,94,
2021-10-17,405.689,423.976,30.356,10.625,PORINGAL,420.5,21,69,7.35,7.35,128,23.069,9.054,69.943,65,
2021-10-17,844.86,847.6,1.614,0.71,SENGULAM (SBR),847,,0,0,,,,,,,
2021-10-17,237.74,253,4.55,2.093,LOWER PERIYAR,253,4.55,100,2.093,2.093,55,7.886,4.492,24.93,100,
2021-10-17,181.36,192.63,1.16,0.358,KAKKAD,191.55,,0,0,,,2.114,,,,
2021-10-18,694.944,732.43,1460,2190,IDUKKI,730.916,1375.251,94,2062.876,2021.619,40.4,,42.239,470.306,93,2398.02
2021-10-18,963.168,986.332,31.001,59.46,PAMBA,985.2,28.7,94,859.768,724.169,14,,28.384,262.245,93,
2021-10-18,908.304,981.456,446.542,856.467,KAKKI,979.98,419.563,0,0,,17,7,,,,
2021-10-18,779.374,811.68,149.23,152.065,SHOLAYAR,811.621,148.612,100,151.436,99.124,20,1.796,3.82,37.581,100,2662.8
2021-10-18,115,169,1017.8,254.45,IDAMALAYAR,165.7,922.45,91,230.613,230.613,28.8,0.294,4.335,45.828,90,
2021-10-18,1735.836,1758.696,7.787,22.738,KUNDALA,1757.8,7.11,91,166.469,72.004,0.6,,0.977,20.547,91,2
2021-10-18,1554.48,1599.59,55.217,161.234,MADUPPATTY,1597.8,49.9,90,0,,3,,,,90,1
2021-10-18,737.616,758.037,33.99,42.827,KUTTIADI,749.747,15.281,45,235.659,228.178,34,,2.029,59.915,49,
2021-10-18,750.5,775.6,201,253.26,THARIODE,773.2,171.75,85,0,,3.2,,,,85,
2021-10-18,1188,1207.008,48.968,65.616,ANAYIRANKAL,1204.88,39.29,80,111.367,39.203,,,4.738,61.715,80,
2021-10-18,678.8,707.745,47.4,63.516,PONMUDI,706.8,43.82,92,0,,23,0.329,,,90,
2021-10-18,445,456.59,5.557,4.835,NERIAMANGALAM,455.85,5.025,90,4.372,2.059,24,3.63,4.663,54.693,98,
2021-10-18,405.689,423.976,30.356,10.625,PORINGAL,420.1,20,66,7,7,,32.162,11.456,81.399,69,
2021-10-18,844.86,847.6,1.614,0.71,SENGULAM (SBR),846.5,,0,0,,,,,,,
2021-10-18,237.74,253,4.55,2.093,LOWER PERIYAR,253,4.55,100,2.093,2.093,28,7.776,3.957,28.887,100,
2021-10-18,181.36,192.63,1.16,0.358,KAKKAD,189.75,,0,0,,,0.329,,,,
2021-10-19,694.944,732.43,1460,2190,IDUKKI,730.947,1376.906,94,2065.359,2024.052,4,7.245,28.512,498.818,94,2398.12
2021-10-19,963.168,986.332,31.001,59.46,PAMBA,983.95,26.4,92,846.624,713.098,,2.04,20.521,282.767,94,
2021-10-19,908.304,981.456,446.542,856.467,KAKKI,979.71,415.01,0,0,,34,12.258,,,,
2021-10-19,779.374,811.68,149.23,152.065,SHOLAYAR,811.408,146.672,98,149.459,97.83,,2.086,2.139,39.72,100,2662.1
2021-10-19,115,169,1017.8,254.45,IDAMALAYAR,165.49,916.41,90,229.103,229.103,,11.071,2.98,48.807,91,
2021-10-19,1735.836,1758.696,7.787,22.738,KUNDALA,1757.8,7.11,91,166.469,72.004,10.4,,0.976,21.524,91,2
2021-10-19,1554.48,1599.59,55.217,161.234,MADUPPATTY,1597.8,49.9,90,0,,14,,,,90,1
2021-10-19,737.616,758.037,33.99,42.827,KUTTIADI,749.169,14.141,42,234.222,226.786,37,,2.641,62.556,45,
2021-10-19,750.5,775.6,201,253.26,THARIODE,773.2,171.75,85,0,,,,,,85,
2021-10-19,1188,1207.008,48.968,65.616,ANAYIRANKAL,1204.94,39.56,81,111.729,39.33,,,3.375,65.09,80,
2021-10-19,678.8,707.745,47.4,63.516,PONMUDI,706.8,43.82,92,0,,4,0.648,,,92,
2021-10-19,445,456.59,5.557,4.835,NERIAMANGALAM,456.25,5.3,95,4.611,2.172,24,1.614,3.206,57.898,90,
2021-10-19,405.689,423.976,30.356,10.625,PORINGAL,419.45,18.375,61,6.431,6.431,,18.385,6.411,87.81,66,
2021-10-19,844.86,847.6,1.614,0.71,SENGULAM (SBR),846.4,,0,0,,,,,,,
2021-10-19,237.74,253,4.55,2.093,LOWER PERIYAR,253,4.55,100,2.093,2.093,20,10.692,5.812,34.699,100,
2021-10-19,181.36,192.63,1.16,0.358,KAKKAD,187.1,,0,0,,,0.139,,,,
2021-10-20,694.944,732.43,1460,2190,IDUKKI,730.959,1377.568,94,2066.352,2025.025,37.8,9.072,29.793,528.611,94,2398.16
2021-10-20,963.168,986.332,31.001,59.46,PAMBA,982.9,24.51,91,836.891,704.899,57,1.55,20.392,303.159,92,
2021-10-20,908.304,981.456,446.542,856.467,KAKKI,979.523,411.825,0,0,,43,10.822,,,,
2021-10-20,779.374,811.68,149.23,152.065,SHOLAYAR,811.378,146.389,98,149.17,97.642,16,0.086,1.788,41.508,98,2662
2021-10-20,115,169,1017.8,254.45,IDAMALAYAR,165.34,912.06,90,228.015,228.015,69.2,10.825,3.254,52.061,90,
2021-10-20,1735.836,1758.696,7.787,22.738,KUNDALA,1757.9,7.18,92,166.309,71.934,48,,0.77,22.294,91,2
2021-10-20,1554.48,1599.59,55.217,161.234,MADUPPATTY,1597.75,49.775,90,0,,42,,,,90,1
2021-10-20,737.616,758.037,33.99,42.827,KUTTIADI,749.016,13.866,41,233.876,226.452,59,,3.68,66.236,42,24
2021-10-20,750.5,775.6,201,253.26,THARIODE,773.2,171.75,85,0,,9,,,,85,
2021-10-20,1188,1207.008,48.968,65.616,ANAYIRANKAL,1205.11,40.325,82,113.92,40.102,,,5.116,70.206,81,
2021-10-20,678.8,707.745,47.4,63.516,PONMUDI,707.15,44.69,94,0,,55,0.648,,,92,
2021-10-20,445,456.59,5.557,4.835,NERIAMANGALAM,455.6,4.85,87,4.22,1.988,37,6.977,7.313,65.211,95,
2021-10-20,405.689,423.976,30.356,10.625,PORINGAL,420.6,21.25,70,7.438,7.438,,22.778,9.426,97.235,61,
2021-10-20,844.86,847.6,1.614,0.71,SENGULAM (SBR),846.6,,0,0,,,,,,,
2021-10-20,237.74,253,4.55,2.093,LOWER PERIYAR,253,4.55,100,2.093,2.093,22,13.547,5.088,39.787,100,
2021-10-20,181.36,192.63,1.16,0.358,KAKKAD,187,,0,0,,,0.051,,,,
2021-10-21,694.944,732.43,1460,2190,IDUKKI,730.99,1379.223,94,2068.835,2027.458,7.8,9.072,31.207,559.818,94,2398.26
2021-10-21,963.168,986.332,31.001,59.46,PAMBA,982.25,23.34,91,829.995,699.091,24,0.958,17.076,320.235,91,
2021-10-21,908.304,981.456,446.542,856.467,KAKKI,979.389,409.4,0,0,,6,8.196,,,,
2021-10-21,779.374,811.68,149.23,152.065,SHOLAYAR,811.347,146.134,98,148.911,97.472,15,,1.731,43.24,98,2661.9
2021-10-21,115,169,1017.8,254.45,IDAMALAYAR,165.19,907.76,89,226.94,226.94,3.8,8.391,2.75,54.811,90,
2021-10-21,1735.836,1758.696,7.787,22.738,KUNDALA,1758.1,7.32,94,166.717,72.111,9.6,,1.376,23.67,92,2
2021-10-21,1554.48,1599.59,55.217,161.234,MADUPPATTY,1597.75,49.775,90,0,,5,,,,90,1
2021-10-21,737.616,758.037,33.99,42.827,KUTTIADI,749.077,13.976,41,233.385,225.975,,,2.847,69.082,41,1
2021-10-21,750.5,775.6,201,253.26,THARIODE,773.15,171.25,85,0,,,,,,85,
2021-10-21,1188,1207.008,48.968,65.616,ANAYIRANKAL,1205.29,41.135,84,115.18,40.545,6,,5.106,75.312,82,
2021-10-21,678.8,707.745,47.4,63.516,PONMUDI,707.2,44.82,95,0,,4,1.269,,,94,
2021-10-21,445,456.59,5.557,4.835,NERIAMANGALAM,456.05,5.16,93,4.489,2.115,17,4.612,5.146,70.357,87,
2021-10-21,405.689,423.976,30.356,10.625,PORINGAL,419.85,19.375,64,6.781,6.781,14,23.977,8.255,105.491,70,
2021-10-21,844.86,847.6,1.614,0.71,SENGULAM (SBR),846,,0,0,,,,,,,
2021-10-21,237.74,253,4.55,2.093,LOWER PERIYAR,253,4.55,100,2.093,2.093,32,14.721,6.788,46.575,100,
2021-10-21,181.36,192.63,1.16,0.358,KAKKAD,186.4,,0,0,,,0.039,,,,
2021-10-22,694.944,732.43,1460,2190,IDUKKI,730.971,1378.23,94,2067.345,2025.998,,4.999,21.027,580.845,94,
2021-10-22,963.168,986.332,31.001,59.46,PAMBA,981.85,22.62,90,826.744,696.353,3,,3.148,323.383,91,
2021-10-22,908.304,981.456,446.542,856.467,KAKKI,979.325,408.425,0,0,,,,,,,
2021-10-22,779.374,811.68,149.23,152.065,SHOLAYAR,811.286,145.794,98,148.564,97.245,5,,1.644,44.883,98,2661.7
2021-10-22,115,169,1017.8,254.45,IDAMALAYAR,165.16,906.89,89,226.723,226.723,36.2,1.676,1.956,56.767,89,
2021-10-22,1735.836,1758.696,7.787,22.738,KUNDALA,1758.1,7.32,94,165.987,71.795,1.8,,0.246,23.916,94,
2021-10-22,1554.48,1599.59,55.217,161.234,MADUPPATTY,1597.65,49.525,90,0,,,,,,90,
2021-10-22,737.616,758.037,33.99,42.827,KUTTIADI,749.169,14.141,42,232.962,225.566,,,2.997,72.08,41,
2021-10-22,750.5,775.6,201,253.26,THARIODE,773.1,170.75,85,0,,,,,,85,
2021-10-22,1188,1207.008,48.968,65.616,ANAYIRANKAL,1205.42,41.72,85,115.964,40.821,25,,4.667,79.979,84,
2021-10-22,678.8,707.745,47.4,63.516,PONMUDI,707.2,44.82,95,0,,18,1.296,,,95,
2021-10-22,445,456.59,5.557,4.835,NERIAMANGALAM,456,5.13,92,4.463,2.102,15,4.848,5.12,75.477,93,
2021-10-22,405.689,423.976,30.356,10.625,PORINGAL,417.6,14.3,47,5.005,5.005,,15.319,4.121,109.611,64,
2021-10-22,844.86,847.6,1.614,0.71,SENGULAM (SBR),846.881,,0,0,,,,,,,
2021-10-22,237.74,253,4.55,2.093,LOWER PERIYAR,253,4.55,100,2.093,2.093,48,9.119,4.069,50.644,100,
2021-10-22,181.36,192.63,1.16,0.358,KAKKAD,186.75,,0,0,,,,,,,
2021-10-23,694.944,732.43,1460,2190,IDUKKI,730.99,1379.223,94,2068.835,2027.458,22.8,3.648,21.888,602.733,94,
2021-10-23,963.168,986.332,31.001,59.46,PAMBA,982.15,23.16,91,829.41,698.599,22,,16.301,339.684,90,
2021-10-23,908.304,981.456,446.542,856.467,KAKKI,979.371,409.275,0,0,,32,4.127,,,,
2021-10-23,779.374,811.68,149.23,152.065,SHOLAYAR,811.256,145.37,97,148.132,96.962,29,,1.557,46.44,98,
2021-10-23,115,169,1017.8,254.45,IDAMALAYAR,165.26,909.76,89,227.44,227.44,25.8,,2.438,59.205,89,
2021-10-24,694.944,732.43,1460,2190,IDUKKI,730.965,1377.899,94,2066.849,2025.512,0.8,3.648,18.733,621.466,94,2398.18
2021-10-24,963.168,986.332,31.001,59.46,PAMBA,981.95,22.8,90,825.484,695.292,,,2.061,341.745,91,
2021-10-24,908.304,981.456,446.542,856.467,KAKKI,979.276,407.588,0,0,,,,,,,
2021-10-24,779.374,811.68,149.23,152.065,SHOLAYAR,811.256,145.37,97,148.132,96.962,40,,1.981,48.421,97,2661.6
2021-10-24,115,169,1017.8,254.45,IDAMALAYAR,165.36,912.64,90,228.16,228.16,4.2,,2.408,61.613,89,
2021-10-24,1735.836,1758.696,7.787,22.738,KUNDALA,1758.1,7.32,94,166.352,71.953,4,,1.24,26.127,94,2
2021-10-24,1554.48,1599.59,55.217,161.234,MADUPPATTY,1597.7,49.65,90,0,,19,,,,90,2
2021-10-24,737.616,758.037,33.99,42.827,KUTTIADI,750.205,16.186,48,233.775,226.354,40,,2.449,77.959,46,
2021-10-24,750.5,775.6,201,253.26,THARIODE,773,169.35,84,0,,,,,,85,
2021-10-24,1188,1207.008,48.968,65.616,ANAYIRANKAL,1205.68,42.89,88,117.867,41.491,,,5.32,90.482,87,
2021-10-24,678.8,707.745,47.4,63.516,PONMUDI,707.3,45.07,95,0,,,1.917,,,95,
2021-10-24,445,456.59,5.557,4.835,NERIAMANGALAM,456.35,5.375,97,4.676,2.203,,4.53,4.805,86.26,89,
2021-10-24,405.689,423.976,30.356,10.625,PORINGAL,417.2,13.58,45,4.753,4.753,10,14.523,4.977,120.671,50,
2021-10-24,844.86,847.6,1.614,0.71,SENGULAM (SBR),846.75,,0,0,,,,,,,
2021-10-24,237.74,253,4.55,2.093,LOWER PERIYAR,253,4.55,100,2.093,2.093,9,,,53.902,100,
2021-10-24,181.36,192.63,1.16,0.358,KAKKAD,185.75,,0,0,,,0.073,,,,
2021-10-25,694.944,732.43,1460,2190,IDUKKI,730.941,1376.575,94,2064.863,2023.565,20.6,3.683,18.708,640.174,94,2398.1
2021-10-25,963.168,986.332,31.001,59.46,PAMBA,981.7,22.35,90,824.621,694.565,17,,5.263,347.008,90,
2021-10-25,908.304,981.456,446.542,856.467,KAKKI,979.276,407.588,0,0,,,,,,,
2021-10-25,779.374,811.68,149.23,152.065,SHOLAYAR,811.256,145.37,97,148.132,96.962,34,,1.982,50.403,97,2661.6
2021-10-25,115,169,1017.8,254.45,IDAMALAYAR,165.41,914.09,90,228.523,228.523,32.6,,1.909,63.522,90,
2021-10-25,1735.836,1758.696,7.787,22.738,KUNDALA,1758.1,7.32,94,166.352,71.953,,,0.961,27.087,94,2
2021-10-25,1554.48,1599.59,55.217,161.234,MADUPPATTY,1597.7,49.65,90,0,,,,,,90,2
2021-10-25,737.616,758.037,33.99,42.827,KUTTIADI,750.571,16.929,50,234.208,226.772,,,2.633,80.593,48,
2021-10-25,750.5,775.6,201,253.26,THARIODE,772.95,168.95,84,0,,,,,,84,
2021-10-25,1188,1207.008,48.968,65.616,ANAYIRANKAL,1205.93,44.015,90,119.709,42.139,52,,6.596,97.077,88,
2021-10-25,678.8,707.745,47.4,63.516,PONMUDI,707.4,45.32,96,0,,18,1.944,,,95,
2021-10-25,445,456.59,5.557,4.835,NERIAMANGALAM,456.1,5.2,94,4.524,2.131,19,4.948,4.61,90.87,97,
2021-10-25,405.689,423.976,30.356,10.625,PORINGAL,420,19.75,65,6.913,6.913,5,2.613,3.588,124.259,45,
2021-10-25,844.86,847.6,1.614,0.71,SENGULAM (SBR),846.7,,0,0,,,,,,,
2021-10-25,237.74,253,4.55,2.093,LOWER PERIYAR,253,4.55,100,2.093,2.093,15,4.59,1.903,57.956,100,
2021-10-25,181.36,192.63,1.16,0.358,KAKKAD,186.35,,0,0,,,,,,,
2021-10-26,694.944,732.43,1460,2190,IDUKKI,730.898,1374.258,94,2061.387,2020.159,6.4,3.672,17.139,657.313,94,2397.96
2021-10-26,963.168,986.332,31.001,59.46,PAMBA,981.5,21.99,90,823.931,693.983,32,,10.473,357.481,90,
2021-10-26,908.304,981.456,446.542,856.467,KAKKI,979.27,407.588,0,0,,13,2.628,,,,
2021-10-26,779.374,811.68,149.23,152.065,SHOLAYAR,811.195,144.846,97,147.598,96.612,4,,1.456,51.859,97,2661.4
2021-10-26,115,169,1017.8,254.45,IDAMALAYAR,165.42,914.38,90,228.595,228.595,22.6,,1.782,65.304,90,
2021-10-26,1735.836,1758.696,7.787,22.738,KUNDALA,1758,7.25,93,166.148,71.865,,,0.774,27.861,94,2
2021-10-26,1554.48,1599.59,55.217,161.234,MADUPPATTY,1597.6,49.65,90,0,,,,,,90,2
2021-10-26,737.616,758.037,33.99,42.827,KUTTIADI,750.632,17.05,50,233.604,226.188,7,,1.88,82.472,50,
2021-10-26,750.5,775.6,201,253.26,THARIODE,772.9,168.35,84,0,,,,,,84,
2021-10-26,1188,1207.008,48.968,65.616,ANAYIRANKAL,1206.05,44.555,91,120.098,42.276,,,6.011,103.088,90,
2021-10-26,678.8,707.745,47.4,63.516,PONMUDI,707.3,45.07,95,0,,7,2.591,,,96,
2021-10-26,445,456.59,5.557,4.835,NERIAMANGALAM,455.7,4.92,89,4.28,2.016,,5.501,4.428,95.298,94,
2021-10-26,405.689,423.976,30.356,10.625,PORINGAL,420,19.75,65,6.913,6.913,12,6.258,2.707,126.966,65,
2021-10-26,844.86,847.6,1.614,0.71,SENGULAM (SBR),846.7,,0,0,,,,,,,
2021-10-26,237.74,253,4.55,2.093,LOWER PERIYAR,253,4.55,100,2.093,2.093,4,5.364,2.003,59.96,100,
2021-10-26,181.36,192.63,1.16,0.358,KAKKAD,189.7,,0,0,,,0.185,,,,
2021-10-27,694.944,732.43,1460,2190,IDUKKI,730.971,1378.23,94,2067.345,2025.998,76.6,1.257,23.002,680.314,94,2398.2
2021-10-27,963.168,986.332,31.001,59.46,PAMBA,981.2,21.45,90,827.354,696.867,35,,11.029,368.511,90,
2021-10-27,908.304,981.456,446.542,856.467,KAKKI,979.41,409.913,0,0,,54,0.629,,,,
2021-10-27,779.374,811.68,149.23,152.065,SHOLAYAR,811.164,144.591,97,147.338,96.442,27,,1.73,53.59,97,2661.3
2021-10-27,115,169,1017.8,254.45,IDAMALAYAR,165.54,917.84,90,229.46,229.46,68,,2.522,67.826,90,
2021-10-27,1735.836,1758.696,7.787,22.738,KUNDALA,1758,7.25,93,165.053,71.391,,,,27.732,93,2
2021-10-27,1554.48,1599.59,55.217,161.234,MADUPPATTY,1597.55,49.275,89,0,,,,,,89,2
2021-10-27,737.616,758.037,33.99,42.827,KUTTIADI,750.266,16.318,48,232.682,225.295,13,,1.523,83.995,50,
2021-10-27,750.5,775.6,201,253.26,THARIODE,772.9,168.35,84,0,,,,,,84,
2021-10-27,1188,1207.008,48.968,65.616,ANAYIRANKAL,1206.15,45.005,92,121.196,42.663,,,5.995,109.083,91,
2021-10-27,678.8,707.745,47.4,63.516,PONMUDI,707.45,45.44,96,0,,63,2.051,,,95,
2021-10-27,445,456.59,5.557,4.835,NERIAMANGALAM,455.75,4.955,89,4.311,2.031,33,4.554,4.346,99.645,89,
2021-10-27,405.689,423.976,30.356,10.625,PORINGAL,420.2,20.25,67,7.088,7.088,,6.453,2.974,129.94,65,
2021-10-27,844.86,847.6,1.614,0.71,SENGULAM (SBR),846.5,,0,0,,,,,,,
2021-10-27,237.74,253,4.55,2.093,LOWER PERIYAR,253,4.55,100,2.093,2.093,16,7.767,3.549,63.509,100,
2021-10-27,181.36,192.63,1.16,0.358,KAKKAD,190.3,,0,0,,,0.179,,,,
2021-10-28,694.944,732.43,1460,2190,IDUKKI,731.008,1380.216,95,2070.324,2028.918,4.8,,18.199,698.514,94,2398.32
2021-10-28,963.168,986.332,31.001,59.46,PAMBA,981.4,21.81,91,837.827,705.688,34,,16.771,385.281,90,
2021-10-28,908.304,981.456,446.542,856.467,KAKKI,979.709,415.013,0,0,,39,,,,,
2021-10-28,779.374,811.68,149.23,152.065,SHOLAYAR,811.073,143.826,96,146.559,95.932,,,1.204,54.793,97,2661
2021-10-28,115,169,1017.8,254.45,IDAMALAYAR,165.55,918.125,90,229.531,229.531,23.2,,1.796,69.622,90,
2021-10-29,694.944,732.43,1460,2190,IDUKKI,730.99,1379.223,94,2068.835,2027.458,,,14.649,713.163,95,2398.26
2021-10-29,963.168,986.332,31.001,59.46,PAMBA,981.4,21.81,92,845.713,712.33,22,,14.374,399.655,91,
2021-10-29,908.304,981.456,446.542,856.467,KAKKI,979.956,419.125,0,0,,35,,,,,
2021-10-29,779.374,811.68,149.23,152.065,SHOLAYAR,810.7,143.062,96,145.78,95.422,5,,1.186,55.979,96,2660.7
2021-10-29,115,169,1017.8,254.45,IDAMALAYAR,165.51,916.985,90,229.246,229.246,2.8,,1.435,71.057,90,
2021-10-30,694.944,732.43,1460,2190,IDUKKI,731.002,1379.885,95,2069.828,2028.431,0.4,,17.278,730.441,94,
2021-10-30,963.168,986.332,31.001,59.46,PAMBA,981.65,22.26,92,844.06,710.938,,,18.745,418.401,92,
2021-10-30,908.304,981.456,446.542,856.467,KAKKI,979.871,417.813,0,0,,1,7.299,,,,
2021-10-30,779.374,811.68,149.23,152.065,SHOLAYAR,810.89,142.297,95,145,94.912,,,1.152,57.131,96,
2021-10-30,115,169,1017.8,254.45,IDAMALAYAR,165.48,916.12,90,229.03,229.03,,,1.419,72.476,90,
2021-10-30,1735.836,1758.696,7.787,22.738,KUNDALA,1758,7.25,93,164.323,71.075,0.2,,0.614,29.929,93,
2021-10-30,1554.48,1599.59,55.217,161.234,MADUPPATTY,1597.45,49.025,89,0,,4,,,,89,
2021-10-30,737.616,758.037,33.99,42.827,KUTTIADI,748.589,13.119,39,229.406,222.124,9,,0.837,87.18,41,
2021-10-30,750.5,775.6,201,253.26,THARIODE,772.95,168.95,84,0,,,,,,84,
2021-10-30,1188,1207.008,48.968,65.616,ANAYIRANKAL,1206.4,46.13,94,122.208,43.019,,,5.293,124.352,93,
2021-10-30,678.8,707.745,47.4,63.516,PONMUDI,707.3,45.07,95,0,,,1.944,,,95,
2021-10-30,445,456.59,5.557,4.835,NERIAMANGALAM,456.15,5.235,94,4.554,2.145,,2.68,2.785,108.509,94,
2021-10-30,405.689,423.976,30.356,10.625,PORINGAL,419.8,19.25,63,6.738,6.738,,4.213,1.972,135.861,64,
2021-10-30,844.86,847.6,1.614,0.71,SENGULAM (SBR),846.43,,0,0,,,,,,,
2021-10-30,237.74,253,4.55,2.093,LOWER PERIYAR,251,3.69,81,1.697,1.697,,,0.461,66.763,95,
2021-10-30,181.36,192.63,1.16,0.358,KAKKAD,190.8,,0,0,,,,,,,
2021-10-31,694.944,732.43,1460,2190,IDUKKI,731.008,1380.216,95,2070.324,2028.918,4.6,,17.758,748.198,95,
2021-10-31,963.168,986.332,31.001,59.46,PAMBA,981.5,21.99,91,837.359,705.293,,,10.144,428.545,92,
2021-10-31,908.304,981.456,446.542,856.467,KAKKI,979.688,414.589,0,0,,,5.64,,,,
2021-10-31,779.374,811.68,149.23,152.065,SHOLAYAR,810.768,141.136,95,143.817,94.138,,,0.799,57.931,95,
2021-10-31,115,169,1017.8,254.45,IDAMALAYAR,165.39,913.51,90,228.378,228.378,,,1.101,73.577,90,
